Workbook

Sheet Matlab
A1: Temp (K) | B1: Yield Strength (MPa) | C1: Ultimate (Mpa) | D1: Elongation | E1: Tangent Modulus (Mpa) = C/D
A2: =data!G17 -> 77.594444 | B2: =data!I17 -> 358.87212 | C2: 440.05788 | D2: 0.0228 | E2: =C2/D2 -> 19300.784 | G2: =E2*1000000 -> 1.9300784e+10
A3: =data!G18 -> 115.92778 | B3: =data!I18 -> 377.8327 | C3: 418.51177 | D3: 0.0228 | E3: =C3/D3 -> 18355.779 | G3: =E3*1000000 -> 1.8355779e+10
A4: =data!G19 -> 173.15 | B4: =data!I19 -> 359.90633 | C4: 389.55379 | D4: 0.0228 | E4: =C4/D4 -> 17085.692 | G4: =E4*1000000 -> 1.7085692e+10
A5: =data!G20 -> 223.15 | B5: =data!I20 -> 341.29049 | C5: 366.80109 | D5: 0.0228 | E5: =C5/D5 -> 16087.767 | G5: =E5*1000000 -> 1.6087767e+10
A6: =data!G21 -> 295.09444 | B6: =data!I21 -> 309.22986 | C6: 340.85956 | D6: 0.2 | E6: =C6/D6 -> 1704.2978 | G6: =E6*1000000 -> 1.7042978e+09
A7: =data!G22 -> 373.15 | B7: =data!I22 -> 308.02328 | C7: 321.89898 | D7: 0.2 | E7: =C7/D7 -> 1609.4949 | G7: =E7*1000000 -> 1.6094949e+09
A8: =data!G23 -> 423.15 | B8: =data!I23 -> 266.78402 | C8: 271.95508 | D8: 0.3 | E8: =C8/D8 -> 906.51694 | G8: =E8*1000000 -> 9.0651694e+08
A9: =data!G24 -> 473.15 | B9: =data!I24 -> 207.27364 | C9: 208.56641 | D9: 0.36 | E9: =C9/D9 -> 579.35113 | G9: =E9*1000000 -> 5.7935113e+08
A10: =data!G25 -> 523.15 | B10: =data!I25 -> 122.6405 | C10: 128.24249 | D10: 0.45 | E10: =C10/D10 -> 284.9833 | G10: =E10*1000000 -> 2.849833e+08
A11: =data!G26 -> 573.15 | B11: =data!I26 -> 49.814621 | C11: 53.779107 | D11: 0.6 | E11: =C11/D11 -> 89.631845 | G11: =E11*1000000 -> 89631845
A12: 700 | B12: =data!I27 -> 16.317592 | C12: 17.926369 | D12: 0.65 | E12: =C12/D12 -> 27.579029 | G12: =E12*1000000 -> 27579029
A16: Temp (K) | B16: Thermal Conductivity (W/m*k) | D16: Temp (K) | E16: CTE (ppm) * 10^-6 | G16: NASA | H16: Temp (K) | I16: Young's Modulus
A17: 298.15 | B17: =61.133*LN(A17)-154.67 -> 193.64118 | D17: 116.15 | E17: =13.6*10^-6 -> 1.36e-05 | H17: 77.594444 | I17: 7.9461934e+10
A18: 313.15 | B18: =61.133*LN(A18)-154.67 -> 196.64193 | D18: 173.15 | E18: =17.2*10^-6 -> 1.72e-05 | H18: 294.26111 | I18: 7.1877715e+10
A19: 333.15 | B19: =61.133*LN(A19)-154.67 -> 200.42671 | D19: 223.15 | E19: =19.6*10^-6 -> 1.96e-05 | H19: 373.15 | I19: 71016028000
A20: 353.15 | B20: =61.133*LN(A20)-154.67 -> 203.99076 | D20: 296.15 | E20: =21.4*10^-6 -> 2.14e-05 | H20: 473.15 | I20: 59294936000
A21: 373.15 | B21: =61.133*LN(A21)-154.67 -> 207.35843 | D21: 373.15 | E21: =21.6*10^-6 -> 2.16e-05 | H21: 573.15 | I21: 37748811000
A22: 393.15 | B22: =61.133*LN(A22)-154.67 -> 210.55023 | H22: 673.15 | I22: 1.9535153e+10
A23: 413.15 | B23: =61.133*LN(A23)-154.67 -> 213.58362
A24: 433.15 | B24: =61.133*LN(A24)-154.67 -> 216.47358
A25: 453.15 | B25: =61.133*LN(A25)-154.67 -> 219.23307

Sheet data
B1: Temperature [F] | C1: Ulimate Tensile Strength [ksi] | D1: Yield Strength [ksi] | E1: Elongation [%] | F1: Modulus [Msi] | G1: Temperature [K] | H1: Ultimate [MPA] | I1: Yield Strength [Mpa]
C2: Average | D2: Average | E2: Average | F2: Average
A3: Elementum | B3: -251 | C3: 60.7 | D3: 54.8 | E3: 15.1 | F3: 11 | G3: =(B3+459.67) * (5/9) -> 115.92778 | H3: =C3*6.8947572932 -> 418.51177 | I3: =D3*6.8947572932 -> 377.8327
B4: -148 | C4: 56.5 | D4: 52.2 | E4: 13 | F4: 11 | G4: =(B4+459.67) * (5/9) -> 173.15 | H4: =C4*6.8947572932 -> 389.55379 | I4: =D4*6.8947572932 -> 359.90633
B5: -58 | C5: 53.2 | D5: 49.5 | E5: 13.1 | F5: 11 | G5: =(B5+459.67) * (5/9) -> 223.15 | H5: =C5*6.8947572932 -> 366.80109 | I5: =D5*6.8947572932 -> 341.29049
B6: 73 | C6: 49 | D6: 45 | E6: 12.9 | F6: 11 | G6: =(B6+459.67) * (5/9) -> 295.92778 | H6: =C6*6.8947572932 -> 337.84311 | I6: =D6*6.8947572932 -> 310.26408
B7: 212 | C7: 48 | D7: 46.5 | E7: 14.5 | F7: 11 | G7: =(B7+459.67) * (5/9) -> 373.15 | H7: =C7*6.8947572932 -> 330.94835 | I7: =D7*6.8947572932 -> 320.60621
B8: 302 | C8: 41.6 | D8: 41.4 | E8: 18.4 | F8: 11 | G8: =(B8+459.67) * (5/9) -> 423.15 | H8: =C8*6.8947572932 -> 286.8219 | I8: =D8*6.8947572932 -> 285.44295
B9: 392 | C9: 31.3 | D9: 31 | E9: 22 | F9: 11 | G9: =(B9+459.67) * (5/9) -> 473.15 | H9: =C9*6.8947572932 -> 215.8059 | I9: =D9*6.8947572932 -> 213.73748
B10: 482 | C10: 18.7 | D10: 17.4 | E10: 29.6 | F10: 11 | G10: =(B10+459.67) * (5/9) -> 523.15 | H10: =C10*6.8947572932 -> 128.93196 | I10: =D10*6.8947572932 -> 119.96878
A11: NASA L-PBF | B11: -320 | C11: 63.825 | D11: 52.05 | E11: 18 | F11: 11.525 | G11: =(B11+459.67) * (5/9) -> 77.594444 | H11: =C11*6.8947572932 -> 440.05788 | I11: =D11*6.8947572932 -> 358.87212
B12: 70 | C12: 49.875 | D12: 44.7 | E12: 15.25 | F12: 10.425 | G12: =(B12+459.67) * (5/9) -> 294.26111 | H12: =C12*6.8947572932 -> 343.87602 | I12: =D12*6.8947572932 -> 308.19565
B13: 212 | C13: 45.375 | D13: 42.85 | E13: 18.25 | F13: 10.325 | G13: =(B13+459.67) * (5/9) -> 373.15 | H13: =C13*6.8947572932 -> 312.84961 | I13: =D13*6.8947572932 -> 295.44035
B14: 392 | C14: 29.2 | D14: 29.125 | E14: 34.5 | F14: 8.55 | G14: =(B14+459.67) * (5/9) -> 473.15 | H14: =C14*6.8947572932 -> 201.32691 | I14: =D14*6.8947572932 -> 200.80981
B15: 572 | C15: 7.8 | D15: 7.225 | E15: 73.75 | F15: 5.475 | G15: =(B15+459.67) * (5/9) -> 573.15 | H15: =C15*6.8947572932 -> 53.779107 | I15: =D15*6.8947572932 -> 49.814621
B16: 752 | C16: 2.6 | D16: 2.3666667 | E16: 72.666667 | F16: 2.8333333 | G16: =(B16+459.67) * (5/9) -> 673.15 | H16: =C16*6.8947572932 -> 17.926369 | I16: =D16*6.8947572932 -> 16.317592
A17: Combined | B17: -320 | C17: 63.825 | D17: 52.05 | E17: 18 | F17: 11.525 | G17: =(B17+459.67) * (5/9) -> 77.594444 | H17: =C17*6.8947572932 -> 440.05788 | I17: =D17*6.8947572932 -> 358.87212 | J17: =F17*6894760000 -> 79462109000
B18: -251 | C18: 60.7 | D18: 54.8 | E18: 15.1 | G18: =(B18+459.67) * (5/9) -> 115.92778 | H18: =C18*6.8947572932 -> 418.51177 | I18: =D18*6.8947572932 -> 377.8327 | J18: =F18*6894760000 -> 0
B19: -148 | C19: 56.5 | D19: 52.2 | E19: 13 | G19: =(B19+459.67) * (5/9) -> 173.15 | H19: =C19*6.8947572932 -> 389.55379 | I19: =D19*6.8947572932 -> 359.90633 | J19: =F19*6894760000 -> 0
B20: -58 | C20: 53.2 | D20: 49.5 | E20: 13.1 | G20: =(B20+459.67) * (5/9) -> 223.15 | H20: =C20*6.8947572932 -> 366.80109 | I20: =D20*6.8947572932 -> 341.29049 | J20: =F20*6894760000 -> 0
B21: =(B12+B6)/2 -> 71.5 | C21: =(C$12+C$6)/2 -> 49.4375 | D21: =(D$12+D$6)/2 -> 44.85 | E21: =(E$12+E$6)/2 -> 14.075 | F21: 10.425 | G21: =(B21+459.67) * (5/9) -> 295.09444 | H21: =C21*6.8947572932 -> 340.85956 | I21: =D21*6.8947572932 -> 309.22986 | J21: =F21*6894760000 -> 71877873000
B22: 212 | C22: =(C7+C13)/2 -> 46.6875 | D22: =(D7+D13)/2 -> 44.675 | E22: =(E7+E13)/2 -> 16.375 | F22: 10.3 | G22: =(B22+459.67) * (5/9) -> 373.15 | H22: =C22*6.8947572932 -> 321.89898 | I22: =D22*6.8947572932 -> 308.02328 | J22: =F22*6894760000 -> 71016028000
B23: 302 | C23: =(C$8 + ((((C$14-C$13)/($B$14-$B$13))*($B$8-$B$13))+C$13))/2 -> 39.44375 | D23: =(D$8 + ((((D$14-D$13)/($B$14-$B$13))*($B$8-$B$13))+D$13))/2 -> 38.69375 | E23: =(E$8 + ((((E$14-E$13)/($B$14-$B$13))*($B$8-$B$13))+E$13))/2 -> 22.3875 | G23: =(B23+459.67) * (5/9) -> 423.15 | H23: =C23*6.8947572932 -> 271.95508 | I23: =D23*6.8947572932 -> 266.78402 | J23: =F23*6894760000 -> 0
B24: 392 | C24: =(C9+C14)/2 -> 30.25 | D24: =(D9+D14)/2 -> 30.0625 | E24: =(E9+E14)/2 -> 28.25 | F24: 8.6 | G24: =(B24+459.67) * (5/9) -> 473.15 | H24: =C24*6.8947572932 -> 208.56641 | I24: =D24*6.8947572932 -> 207.27364 | J24: =F24*6894760000 -> 59294936000
B25: 482 | C25: =(C$10 + ((((C$15-C$14)/($B$15-$B$14))*($B$10-$B$14))+C$14))/2 -> 18.6 | D25: =(D$10 + ((((D$15-D$14)/($B$15-$B$14))*($B$10-$B$14))+D$14))/2 -> 17.7875 | E25: =(E$10 + ((((E$15-E$14)/($B$15-$B$14))*($B$10-$B$14))+E$14))/2 -> 41.8625 | G25: =(B25+459.67) * (5/9) -> 523.15 | H25: =C25*6.8947572932 -> 128.24249 | I25: =D25*6.8947572932 -> 122.6405 | J25: =F25*6894760000 -> 0
B26: 572 | C26: 7.8 | D26: 7.225 | E26: 73.75 | F26: 5.475 | G26: =(B26+459.67) * (5/9) -> 573.15 | H26: =C26*6.8947572932 -> 53.779107 | I26: =D26*6.8947572932 -> 49.814621 | J26: =F26*6894760000 -> 37748811000
B27: 752 | C27: 2.6 | D27: 2.3666667 | E27: 72.666667 | F27: 2.8333333 | G27: =(B27+459.67) * (5/9) -> 673.15 | H27: =C27*6.8947572932 -> 17.926369 | I27: =D27*6.8947572932 -> 16.317592 | J27: =F27*6894760000 -> 1.9535153e+10
H28: =C28*6.8947572932 -> 0
